"범죄별(1)",범죄별(2),범죄별(3),2007,2007,2007,2007,2007,2007,2007,2007,2007,2007,2007,2007,2007,2007,2007,2007,2008,2008,2008,2008,2008,2008,2008,2008,2008,2008,2008,2008,2008,2008,2008,2008,2009,2009,2009,2009,2009,2009,2009,2009,2009,2009,2009,2009,2009,2009,2009,2009,2010,2010,2010,2010,2010,2010,2010,2010,2010,2010,2010,2010,2010,2010,2010,2010,2011,2011,2011,2011,2011,2011,2011,2011,2011,2011,2011,2011,2011,2011,2011,2011,2012,2012,2012,2012,2012,2012,2012,2012,2012,2012,2012,2012,2012,2012,2012,2012
"범죄별(1)",범죄별(2),범죄별(3),합계,기소,기소,기소,기소,소년보호송치,가정보호송치,성매매보호송치,불기소,불기소,불기소,불기소,불기소,기소중지,참고인중지,공소보류,합계,기소,기소,기소,기소,소년보호송치,가정보호송치,성매매보호송치,불기소,불기소,불기소,불기소,불기소,기소중지,참고인중지,공소보류,합계,기소,기소,기소,기소,소년보호송치,가정보호송치,성매매보호송치,불기소,불기소,불기소,불기소,불기소,기소중지,참고인중지,공소보류,합계,기소,기소,기소,기소,소년보호송치,가정보호송치,성매매보호송치,불기소,불기소,불기소,불기소,불기소,기소중지,참고인중지,공소보류,합계,기소,기소,기소,기소,소년보호송치,가정보호송치,성매매보호송치,불기소,불기소,불기소,불기소,불기소,기소중지,참고인중지,공소보류,합계,기소,기소,기소,기소,소년보호송치,가정보호송치,성매매보호송치,불기소,불기소,불기소,불기소,불기소,기소중지,참고인중지,공소보류
"범죄별(1)",범죄별(2),범죄별(3),소계,소계,구공판_구속,구공판_불구속,구약식,소계,소계,소계,소계,기소유예,혐의없음,죄가안됨,공소권없음,소계,소계,소계,소계,소계,구공판_구속,구공판_불구속,구약식,소계,소계,소계,소계,기소유예,혐의없음,죄가안됨,공소권없음,소계,소계,소계,소계,소계,구공판_구속,구공판_불구속,구약식,소계,소계,소계,소계,기소유예,혐의없음,죄가안됨,공소권없음,소계,소계,소계,소계,소계,구공판_구속,구공판_불구속,구약식,소계,소계,소계,소계,기소유예,혐의없음,죄가안됨,공소권없음,소계,소계,소계,소계,소계,구공판_구속,구공판_불구속,구약식,소계,소계,소계,소계,기소유예,혐의없음,죄가안됨,공소권없음,소계,소계,소계,소계,소계,구공판_구속,구공판_불구속,구약식,소계,소계,소계,소계,기소유예,혐의없음,죄가안됨,공소권없음,소계,소계,소계
"합계",소계,소계,27.3,11.3,-7.1,39.6,10.7,51.5,10.0,110.0,25.1,21.4,28.7,28.8,56.7,-16.4,-9.7,,53.2,46.1,57.6,83.6,36.7,32.7,36.4,119.0,63.4,40.9,63.2,426.1,200.0,31.0,11.8,,-16.3,-48.5,-15.6,-20.8,-62.6,14.4,23.3,-65.2,-20.1,-9.9,-5.3,-42.9,-55.0,-35.2,-17.3,,-20.6,-30.2,-21.7,-29.3,-34.6,-7.1,-75.7,-31.3,-25.9,-25.9,2.5,-71.4,-35.1,-9.3,8.1,,-7.5,-13.8,-5.1,12.0,-34.2,1.5,11.1,-36.4,-12.3,-12.9,-13.5,-19.8,-5.5,4.5,-7.5,,23.9,67.9,25.9,89.6,78.8,19.3,110.0,,22.6,17.6,47.3,19.1,38.3,15.9,64.0,
"형법범",소계,소계,18.8,4.3,-6.5,47.6,-3.3,44.8,-5.0,,13.4,10.9,29.4,-4.2,35.6,-12.6,-4.3,,32.0,51.1,51.5,73.7,40.7,31.2,47.4,,30.5,25.0,58.5,63.3,68.4,15.7,1.1,,2.0,-33.4,-15.9,-13.3,-53.7,20.5,28.6,,0.1,2.1,-2.5,-19.8,-13.8,-26.2,-26.7,,-13.9,-24.4,-15.6,-25.5,-31.4,-6.1,-75.0,,-17.4,-21.2,6.0,-18.0,-1.0,-6.3,22.7,,-5.4,-2.4,-4.4,13.9,-18.7,0.7,0.0,,-9.9,-10.3,-15.4,-13.0,-0.4,6.3,-12.3,,26.9,69.1,18.8,90.2,102.6,22.2,88.9,,26.1,21.3,44.2,31.3,45.3,16.0,63.4,
"형법범",재산범죄,소계,14.1,7.0,1.0,45.9,-7.2,32.3,-57.1,,11.4,9.9,28.8,-1.6,78.4,-20.4,-37.0,,17.9,40.1,27.6,59.9,35.2,21.4,33.3,,14.6,12.6,45.1,14.3,26.6,5.6,-3.9,,15.3,-21.7,-13.8,-10.4,-37.8,39.4,,,12.4,12.4,10.3,-14.6,29.3,-30.8,-16.3,,-11.6,-26.5,-13.8,-27.2,-39.0,-0.7,,,-16.7,-19.1,11.1,-4.9,-5.0,5.2,46.3,,-6.2,0.7,-12.9,18.2,-5.8,-2.8,-50.0,,-9.2,-9.2,-15.3,-22.2,14.8,0.4,-28.3,,19.3,71.0,32.1,97.9,72.6,20.7,,,12.9,11.7,42.0,-20.9,-26.2,22.0,72.1,
"형법범",재산범죄,절도,16.1,11.4,1.4,44.8,-0.5,31.9,-50.0,,10.8,9.9,40.0,5.8,33.9,4.5,20.0,,14.7,40.1,22.0,74.8,28.3,17.4,-66.7,,10.8,8.2,63.9,18.2,94.3,46.6,16.7,,16.4,-18.7,-14.1,-6.5,-47.7,36.1,,,11.8,10.5,29.0,-19.2,49.8,-18.3,42.9,,-12.9,-26.1,-12.5,-37.4,-29.1,-3.0,,,-17.5,-19.3,7.8,-15.2,-3.9,-9.9,15.0,,-6.4,9.0,-11.7,21.1,46.7,-3.1,,,-10.0,-10.1,-15.6,-24.7,11.5,17.6,-34.8,,13.4,54.3,28.7,97.2,10.5,17.4,,,7.2,7.9,14.9,-16.4,-31.2,-5.3,100.0,
"형법범",재산범죄,장물,22.1,-20.8,-50.0,-50.0,-15.0,69.8,,,15.0,13.8,35.0,,,50.0,,,110.7,100.0,100.0,1200.0,35.3,116.4,,,111.4,118.2,77.8,,,0.0,,,43.6,-15.8,-50.0,-30.8,-4.3,51.3,,,47.3,47.4,50.0,,,,,,-12.0,-40.6,,-33.3,-40.9,-0.4,,,-15.9,-21.4,20.8,,,,,,-37.1,-21.1,,16.7,-38.5,-34.9,,,-38.6,-32.1,-75.9,,,-75.0,,,148.5,420.0,,414.3,300.0,203.2,,,101.8,86.2,352.4,,-62.5,800.0,,
"형법범",재산범죄,사기,-1.8,-5.0,-6.0,50.0,-19.0,35.5,,,17.6,2.0,20.3,-15.4,144.4,-26.4,-46.4,,23.8,32.1,106.4,12.9,33.0,50.1,,,33.5,65.2,8.3,-27.3,-23.7,-9.3,-18.9,,14.5,-20.9,-13.4,-21.6,-22.0,93.0,,,23.8,44.7,-20.1,50.0,-10.6,-33.5,-43.3,,-1.2,-24.9,-21.4,19.7,-43.7,20.7,,,-11.3,-17.2,15.3,25.0,-10.4,11.8,117.6,,-2.6,-14.9,-18.2,16.0,-40.7,3.7,,,-3.3,-1.6,-9.3,-53.3,3.3,-5.2,-29.7,,34.5,99.8,42.6,82.2,150.7,21.7,,,31.1,14.8,105.1,-42.9,-4.8,31.7,61.5,
"형법범",재산범죄,횡령,3.0,23.5,-50.0,0.0,29.5,14.5,,,0.4,1.7,-9.1,-80.0,300.0,-8.9,0.0,,56.4,50.8,500.0,240.0,26.3,124.1,,,44.7,45.9,44.0,0.0,-75.0,68.3,150.0,,5.5,-47.4,16.7,-41.2,-54.2,15.9,,,16.0,19.6,-22.2,300.0,0.0,-60.9,-80.0,,-8.9,-20.0,-28.6,-10.0,-21.2,-2.7,,,-10.8,-12.7,19.6,-25.0,,25.9,,,0.9,-47.5,,-66.7,-30.8,0.0,,,4.4,2.9,10.4,0.0,,-23.5,,,44.6,295.2,,633.3,227.8,58.2,,,32.8,31.3,59.5,,-28.6,103.8,0.0,
"형법범",재산범죄,배임,50.0,,,,,,,,200.0,100.0,,,,,,,100.0,,,,,,,,100.0,-50.0,400.0,,,,,,-66.7,,,,,,,,-83.3,,-80.0,,,,,,250.0,,,,,,,,500.0,,300.0,,,,,,-85.7,,,,,,,,-83.3,,-75.0,,,,,,800.0,,,,,,,,600.0,,200.0,,,,,
"형법범",재산범죄,손괴,50.2,35.0,,300.0,25.4,75.9,,,49.3,53.9,22.2,33.3,-25.0,400.0,,,62.8,82.7,-33.3,-25.0,93.2,82.4,,,53.9,47.7,154.5,0.0,-33.3,40.0,,,-34.5,-58.8,50.0,-66.7,-60.1,2.2,,,-33.8,-28.9,-66.1,-50.0,,-57.1,,,-16.9,-57.4,,200.0,-59.6,12.6,,,-18.3,-28.2,78.9,400.0,,33.3,,,10.5,-30.8,,-66.7,-30.4,-1.9,,,20.8,11.0,32.4,40.0,750.0,-50.0,,,79.7,205.6,300.0,500.0,181.3,44.8,,,83.4,103.0,51.1,-14.3,-17.6,200.0,,
"형법범",강력범죄(흉악),소계,3.8,-12.1,-15.7,0.0,-7.4,8.8,,,13.3,-4.4,105.0,-42.9,-11.2,16.7,,,56.4,107.5,84.0,190.7,64.0,34.0,,,46.8,32.3,35.1,50.0,79.2,52.4,,,5.5,-16.1,-20.0,-4.8,-43.9,21.1,,,9.5,26.4,15.9,5.6,-11.6,0.0,-41.2,,-2.4,-11.6,-8.4,-15.9,-26.1,-10.4,,,19.2,-11.3,22.7,0.0,55.6,-31.3,10.0,,5.9,21.7,18.1,23.7,88.2,10.3,,,-11.8,15.6,-10.7,-47.4,-31.4,113.6,18.2,,-20.0,-11.7,-26.1,8.4,31.3,-28.4,,,-13.3,13.2,-43.5,130.0,-11.9,-55.3,-53.8,
"형법범",강력범죄(흉악),살인,-5.0,-6.7,0.0,,,-50.0,,,100.0,0.0,200.0,,,,,,-36.8,-42.9,-50.0,,,,,,-25.0,0.0,-66.7,,,,,,50.0,100.0,128.6,,,,,,-33.3,,100.0,,,,,,5.6,-12.5,-31.3,,,,,,0.0,,,,,,,,-36.8,-50.0,-63.6,0.0,,50.0,,,0.0,,,,100.0,,,,116.7,142.9,250.0,0.0,,0.0,,,200.0,,,,0.0,,,
"형법범",강력범죄(흉악),강도,21.3,8.3,0.0,36.2,,21.1,,,60.2,6.5,150.0,0.0,,-18.2,,,32.0,53.1,34.0,100.0,,26.4,,,10.8,31.8,-9.4,0.0,100.0,66.7,,,15.3,-6.7,-8.1,-4.4,,21.9,,,44.3,27.6,75.3,50.0,-75.0,40.0,,,-42.1,-46.7,-39.7,-57.6,,-41.6,,,-34.7,-41.4,-36.3,-33.3,450.0,-71.4,,,32.1,65.9,45.1,96.9,,22.6,,,10.4,40.0,-16.3,-50.0,54.5,166.7,0.0,,-22.7,-2.3,-11.5,16.7,-50.0,-34.4,,,-26.0,0.0,-44.4,,-82.4,-25.0,,
"형법범",강력범죄(흉악),방화,58.7,-25.0,-37.5,0.0,,80.8,,,63.0,35.9,275.0,-28.6,,,,,29.5,33.3,-40.0,125.0,,42.6,,,23.9,35.8,10.0,-20.0,,-50.0,,,-6.9,0.0,100.0,-33.3,,-17.9,,,0.0,16.7,-36.4,0.0,,,,,-8.5,0.0,33.3,-33.3,,0.0,,,-14.7,-15.5,-14.3,0.0,,,,,8.1,-66.7,-87.5,-25.0,,23.6,,,8.6,26.8,-38.9,,,0.0,,,9.2,300.0,400.0,266.7,,2.9,,,3.0,-6.7,45.5,,,,,
"형법범",강력범죄(흉악),강간,-14.8,-32.5,-33.1,-45.5,-7.4,-9.5,,,-8.0,-26.5,52.6,-58.3,-13.4,66.7,,,90.5,212.5,186.6,495.8,64.0,44.3,,,71.4,30.7,90.8,140.0,78.1,50.0,,,-0.9,-25.7,-33.1,-2.8,-43.9,25.5,,,0.7,33.7,-1.8,0.0,-9.4,-26.7,-33.3,,33.9,23.1,25.0,28.1,-26.1,27.1,,,50.2,16.0,77.9,8.3,52.0,36.4,-20.0,,-4.1,6.9,10.5,-1.1,29.4,2.2,,,-18.4,0.7,-7.2,-30.8,-34.2,100.0,37.5,,-21.9,-22.6,-40.6,-1.7,68.2,-27.1,,,-12.9,32.7,-48.3,111.1,-7.2,-70.0,-45.5,
"형법범",강력범죄(폭력),소계,28.6,3.8,-23.4,77.3,-2.0,73.1,16.7,,17.3,13.7,31.0,-6.1,35.4,57.7,120.0,,46.4,50.5,137.8,71.6,40.3,41.9,71.4,,48.0,41.0,64.9,145.5,74.7,44.2,63.6,,-13.4,-51.0,-9.9,-20.6,-63.2,-0.6,41.7,,-14.6,-13.4,-13.3,-29.6,-20.4,-5.3,-27.8,,-21.1,-31.6,-47.1,-35.3,-25.3,-15.3,-79.4,,-23.0,-28.6,-2.3,-31.6,-6.6,-37.3,-30.8,,-4.5,-23.0,-27.0,1.2,-33.4,4.7,14.3,,-9.2,-11.1,-14.9,17.6,0.6,32.3,55.6,,42.4,157.1,195.1,165.1,143.1,31.1,112.5,,44.4,34.9,62.3,56.1,66.9,0.4,121.4,
"형법범",강력범죄(폭력),폭행,60.6,38.9,,-25.0,38.5,131.9,,,58.4,36.1,94.7,100.0,60.1,14.3,,,75.1,40.9,-66.7,266.7,38.1,46.7,333.3,,78.9,98.1,106.8,87.5,75.5,112.5,,,-19.4,-60.2,300.0,-54.5,-62.6,8.6,-15.4,,-19.2,-11.5,-19.6,53.3,-20.5,-29.4,0.0,,-3.6,13.5,100.0,-40.0,12.3,24.1,-81.8,,-6.0,-11.1,17.9,-30.4,-6.2,-16.7,0.0,,2.2,17.9,25.0,533.3,-4.1,56.1,100.0,,-4.4,64.8,5.5,12.5,-14.5,10.0,0.0,,77.2,99.0,-80.0,36.8,141.4,54.0,100.0,,79.9,85.0,98.7,144.4,76.6,236.4,300.0,
"형법범",강력범죄(폭력),상해,27.9,16.5,-53.8,11.1,19.1,63.7,-42.9,,22.2,23.2,45.5,-63.0,-20.0,43.8,-50.0,,35.2,33.5,133.3,32.5,32.3,25.2,75.0,,39.7,39.8,23.8,120.0,150.0,8.7,200.0,,-19.8,-59.9,-50.0,-20.8,-63.3,12.4,57.1,,-18.3,-19.1,-3.0,22.7,-80.0,4.0,,,-7.0,-8.3,157.1,-35.7,-8.4,12.6,-81.8,,-15.2,-15.9,4.2,-37.0,-50.0,-15.4,,,-6.1,-44.3,-38.9,37.0,-54.8,-3.0,-50.0,,-2.1,-11.9,26.0,41.2,10500.0,31.8,,,21.4,106.8,0.0,75.7,130.3,17.2,400.0,,16.5,17.4,19.0,8.3,3.8,-37.9,150.0,
"형법범",강력범죄(폭력),협박,70.4,200.0,,,,200.0,,,54.2,-11.1,-25.0,0.0,150.0,,,,82.6,300.0,,,300.0,33.3,,,70.3,100.0,333.3,,36.0,,,,-25.0,-83.3,,,-83.3,87.5,,,-31.7,-37.5,-53.8,,-20.6,100.0,,,-9.5,50.0,,,-50.0,-6.7,,,-7.0,-30.0,83.3,,-22.2,,,,14.0,-66.7,,,0.0,28.6,,,12.5,85.7,-18.2,,9.5,,,,170.8,600.0,,,500.0,116.7,,,186.7,107.7,166.7,,239.1,,,
"형법범",강력범죄(폭력),공갈,38.8,55.0,0.0,200.0,50.0,69.3,,,12.8,10.0,11.8,500.0,,220.0,,,86.1,100.0,142.9,155.6,46.7,93.4,,,83.2,82.2,110.5,66.7,,-12.5,,,42.9,-9.7,5.9,-21.7,-9.1,42.5,,,47.8,49.2,57.5,-60.0,,128.6,,,-4.9,-12.5,-22.2,-5.6,-10.0,5.7,,,-14.1,-18.7,23.8,75.0,100.0,-28.1,,,6.1,-14.3,-50.0,52.9,-50.0,3.4,,,9.2,-1.4,32.1,-71.4,2100.0,52.2,,,79.7,159.5,257.1,138.5,144.4,83.0,,,75.1,84.0,75.7,250.0,-36.4,-5.7,100.0,
"형법범",강력범죄(폭력),약취와유인,50.0,-50.0,-50.0,,,300.0,,,0.0,,,,,,,,183.3,100.0,0.0,,,200.0,,,100.0,,,,,,,,70.6,50.0,0.0,100.0,,-8.3,,,600.0,600.0,,,0.0,0.0,,,-44.8,,,,,-54.5,,,-28.6,-57.1,-16.7,,0.0,0.0,,,0.0,,,,,0.0,,,-20.0,33.3,-20.0,,,,,,-12.5,,,,,0.0,,,-50.0,-75.0,-25.0,,,,,
"형법범",강력범죄(폭력),체포와감금,-64.7,,,,,-50.0,,,-66.7,-80.0,0.0,,,,,,166.7,,,,,100.0,,,200.0,300.0,100.0,,,,,,-56.3,-50.0,,-50.0,,-25.0,,,,,,,,,,,428.6,1500.0,,1100.0,,150.0,,,,,,,,,,,-43.2,,,,,-40.0,,,125.0,-33.3,500.0,,,50.0,,,95.2,,,,,22.2,,,111.1,350.0,66.7,,,-66.7,,
"형법범",강력범죄(폭력),폭력행위등(단체등의구성·활동),1020.0,1200.0,550.0,2500.0,,,,,,,,,,0.0,,,-51.8,-48.7,-23.1,-61.5,,0.0,,,-57.1,0.0,-75.0,,,,,,-66.7,,,,,100.0,,,16.7,-50.0,100.0,,,,,,244.4,,,,,0.0,,,300.0,900.0,200.0,,,,,,1245.2,900.0,0.0,,,8750.0,,,689.3,1810.0,55.6,,,,,,-17.5,170.0,400.0,200.0,75.0,-27.7,,,-18.1,-22.0,-21.4,,300.0,-12.5,,
"형법범",강력범죄(폭력),폭력행위등처벌에관한법률위반,24.5,-8.0,-34.6,78.8,-15.8,73.2,40.0,,10.5,12.0,25.7,6.1,-90.0,59.1,233.3,,42.9,61.4,179.4,87.7,44.5,41.1,-42.9,,41.8,38.7,65.2,173.1,37.5,51.4,40.0,,-13.7,-47.2,-5.3,-17.7,-64.1,-4.8,175.0,,-14.9,-14.5,-15.3,-44.4,6.1,-12.1,-14.3,,-27.3,-45.4,-63.9,-40.2,-41.6,-21.6,-72.7,,-29.2,-31.8,-7.2,-38.0,-22.9,-42.5,-33.3,,-9.1,-18.7,-20.0,-12.3,-23.5,0.6,-33.3,,-15.8,-17.5,-25.0,26.5,818.5,24.6,-12.5,,35.0,184.1,265.4,197.1,149.5,26.1,50.0,,34.9,31.6,62.6,41.9,12.5,-5.4,171.4,
"형법범",위조범죄,소계,35.3,47.2,0.0,210.0,10.8,28.7,,,29.5,32.2,11.3,0.0,,41.4,,,101.7,17.9,16.7,0.0,31.7,71.3,,,126.6,112.1,244.1,600.0,,129.3,-85.2,,3.8,-58.7,-71.4,-58.1,-57.4,31.6,,,7.3,16.6,-42.4,-57.1,-40.0,-61.7,-50.0,,10.9,78.9,750.0,61.5,30.4,18.1,,,7.5,7.1,12.0,-66.7,66.7,13.9,,,-21.6,-20.6,-64.7,0.0,-10.0,-1.9,,,-26.2,-25.4,-38.2,,80.0,-48.8,,,59.0,29.6,16.7,23.8,37.0,44.4,,,65.2,65.1,77.8,,-44.4,85.7,,
"형법범",위조범죄,통화,80.0,200.0,,,,325.0,,,-30.0,-30.0,,,,,,,96.3,-66.7,,,,11.8,,,357.1,200.0,,,,,,,-41.5,,,,,-26.3,,,-46.9,-47.6,-25.0,-57.1,,,,,-19.4,,,,,-28.6,,,-41.2,-18.2,,,,,,,36.0,0.0,-75.0,,,110.0,,,-10.0,-44.4,,,100.0,,,,-29.4,150.0,400.0,-33.3,,-71.4,,,-11.1,0.0,0.0,,-50.0,,,
"형법범",위조범죄,유가증권·인지·우표,80.0,0.0,,,,300.0,,,50.0,50.0,,,,0.0,,,-55.6,,,,,-50.0,,,,,,,,,,,50.0,,,,,,,,,,,,,,,,66.7,,,,,,,,-60.0,,,,,,,,,,,,,,,,,,,,,,,,,,,,,,,,,,,,,,,
"형법범",위조범죄,문서,34.2,46.0,-40.0,262.5,10.8,16.4,,,31.0,34.0,11.3,0.0,,42.9,,,102.4,23.3,133.3,0.0,31.7,81.5,,,123.5,110.8,233.9,,,132.5,-92.6,,5.3,-57.8,-71.4,-55.2,-57.4,37.1,,,8.5,17.5,-42.1,,-40.0,-62.4,0.0,,10.6,52.6,450.0,30.8,30.4,17.3,,,8.0,7.4,14.9,,-33.3,14.3,,,-21.8,-19.0,-63.6,-5.9,-10.0,-3.6,,,-26.0,-25.0,-39.7,,200.0,-47.5,,,61.6,23.4,-50.0,37.5,25.9,52.4,,,66.1,65.7,78.5,,-33.3,76.2,,
"형법범",위조범죄,인장,-33.3,0.0,,0.0,,0.0,,,,,,,,,,,550.0,0.0,,0.0,,200.0,,,,,,,,,,,-23.1,,,,,33.3,,,-33.3,-14.3,,,,,,,130.0,,,,,100.0,,,83.3,83.3,,,,,,,-30.4,-25.0,-50.0,0.0,,12.5,,,-63.6,-72.7,,,,,,,-18.8,-33.3,,0.0,,-22.2,,,-50.0,-66.7,,,,,,
"형법범",공무원범죄,소계,,,,,,,,,,,,,,,,,,,,,,,,,,,,,,,,,100.0,,,,,,,,100.0,,0.0,,,,,,,,,,,,,,,,,,,,,,,,,,,,,,,,,,,,,,250.0,,,,,,,,250.0,,600.0,,,,,
"형법범",공무원범죄,직무유기,,,,,,,,,,,,,,,,,,,,,,,,,,,,,,,,,,,,,,,,,,,,,,,,,,,,,,,,,,,,,,,,,,,,,,,,,,,,,,,,,100.0,,,,,,,,100.0,,300.0,,,,,
"형법범",공무원범죄,직권남용,,,,,,,,,,,,,,,,,,,,,,,,,,,,,,,,,,,,,,,,,,,,,,,,,,,,,,,,,,,,,,,,,,,,,,,,,,,,,,,,,,,,,,,,,,,,,,,,
"형법범",공무원범죄,수뢰,,,,,,,,,,,,,,,,,,,,,,,,,,,,,,,,,,,,,,,,,,,,,,,,,,,,,,,,,,,,,,,,,,,,,,,,,,,,,,,,,,,,,,,,,,,,,,,,
"형법범",공무원범죄,증뢰,,,,,,,,,,,,,,,,,,,,,,,,,,,,,,,,,,,,,,,,,,,,,,,,,,,,,,,,,,,,,,,,,,,,,,,,,,,,,,,,,,,,,,,,,,,,,,,,
"형법범",풍속범죄,소계,-86.4,-76.5,-66.7,-50.0,-81.5,-33.3,,,-88.9,-92.6,-55.6,,-44.4,-80.0,,,179.4,250.0,,0.0,420.0,50.0,,,165.2,271.4,-50.0,,40.0,100.0,,,28.4,-10.7,,-50.0,-7.7,266.7,,,32.8,28.8,500.0,,-71.4,150.0,,,-51.6,-64.0,,200.0,-75.0,-54.5,,,-46.9,-53.7,-16.7,,-50.0,-80.0,,,-16.9,-66.7,,-33.3,,200.0,,,-34.9,-16.1,-80.0,,,200.0,,,71.4,133.3,,-50.0,,-6.7,,,121.4,73.1,650.0,,,-66.7,,
"형법범",풍속범죄,간통,-43.8,-33.3,,-66.7,,,,,-22.2,,0.0,,-28.6,,,,0.0,0.0,,100.0,,,,,0.0,,,,40.0,,,,-55.6,,,,,,,,-57.1,,,,-85.7,,,,-25.0,,,,,,,,,,,,,,,,-33.3,,,,,,,,,,,,,,,,100.0,,,,,,,,200.0,,200.0,,,,,
"형법범",풍속범죄,혼인빙자간음,-33.3,,,,,,,,-33.3,,100.0,,,,,,,,,,,,,,,,,,,,,,,,,,,,,,,,,,,,,,,,,,,,,,,,,,,,,,,,,,,,,,,,,,,,,,,,,,,,,,,,,,,,,
"형법범",풍속범죄,도박과복표,-91.6,-83.9,,0.0,-85.2,,,,-93.2,-93.0,,,,-50.0,,,284.2,320.0,,,425.0,,,,284.6,276.9,,,,100.0,,,37.0,19.0,,,14.3,,,,28.0,22.4,300.0,,,100.0,,,-57.0,-80.0,,,-79.2,-71.4,,,-46.9,-61.7,125.0,,,-75.0,,,-39.5,,,,,0.0,,,-35.3,-4.3,,,,100.0,,,126.9,,,,,200.0,,,118.2,68.2,,,,-50.0,,
"형법범",풍속범죄,신앙,,,,,,,,,,,,,,,,,,,,,,,,,,,,,,,,,,,,,,,,,,,,,,,,,,,,,,,,,,,,,,,,,50.0,,,,,,,,,,,,,,,,,,,,,,,,,,,,,,,
"형법범",풍속범죄,기타음란행위,-20.0,,,,,0.0,,,-66.7,-66.7,,,,,,,200.0,400.0,,,400.0,50.0,,,200.0,200.0,,,,,,,33.3,,,,,33.3,,,300.0,133.3,,,,,,,-31.3,,,,,-25.0,,,-41.7,-14.3,-80.0,,,,,,63.6,100.0,,,,266.7,,,-28.6,-33.3,0.0,,,,,,16.7,0.0,,,,-27.3,,,120.0,100.0,100.0,,,,,
"형법범",과실범죄,소계,31.3,-20.0,,,-20.0,0.0,,,39.1,36.4,700.0,33.3,11.1,,,,48.6,225.0,,,125.0,266.7,,,20.8,26.7,75.0,-25.0,0.0,,,,7.4,-69.2,,,-55.6,-9.1,,,19.0,2.6,-14.3,50.0,95.0,,,,-16.1,-25.0,,,-50.0,3.3,,,-18.8,-24.4,-16.7,-44.4,-2.6,,,,8.2,33.3,,,100.0,3.2,,,8.0,30.5,-10.0,-80.0,-10.5,,,,-17.1,50.0,,,25.0,-40.6,,,-15.7,-6.5,-77.8,400.0,-32.4,200.0,,
"형법범",과실범죄,과실치사상,19.4,0.0,,,0.0,,,,46.4,-11.1,,500.0,11.1,,,,41.9,350.0,,,200.0,,,,-22.0,0.0,-71.4,-66.7,0.0,,,,26.2,-66.7,,,-50.0,-30.0,,,81.3,37.5,50.0,150.0,95.0,,,,-11.7,0.0,,,-33.3,-42.9,,,-1.7,18.2,0.0,-40.0,-2.6,,,,2.9,-33.3,,,0.0,112.5,,,-12.3,0.0,0.0,,-10.5,,,,-37.1,50.0,,,50.0,-70.6,,,-30.0,-53.8,-33.3,,-32.4,0.0,,
"형법범",과실범죄,업무상과실치사상,-40.0,-50.0,,,-50.0,,,,-37.5,-28.6,,,,,,,50.0,200.0,,,100.0,,,,20.0,-40.0,,,,,,,11.1,-66.7,,,-50.0,,,,16.7,100.0,-66.7,,,,,,-60.0,,,,,,,,-42.9,-66.7,100.0,,,,,,-75.0,,,,,,,,,,,,,,,,600.0,0.0,,,,,,,,,,,,,,
"형법범",과실범죄,실화,62.2,0.0,,,0.0,200.0,,,51.5,67.9,,-60.0,,,,,53.3,0.0,,,0.0,44.4,,,56.0,38.3,800.0,100.0,,,,,-5.4,,,,,7.7,,,-6.4,-6.2,-11.1,0.0,,,,,-14.9,,,,,64.3,,,-30.1,-27.9,-37.5,-50.0,,,,,17.6,,,,,-34.8,,,39.2,45.5,20.0,-50.0,,,,,-8.0,100.0,,,100.0,-6.7,,,-12.7,-4.7,,0.0,,,,
"형법범",기타형법범죄,소계,36.9,47.3,0.0,35.7,60.0,91.3,,,15.9,57.3,-51.1,400.0,154.5,-25.0,,,76.6,70.8,35.7,84.2,73.1,55.3,,,91.3,77.8,100.0,100.0,153.6,66.7,,,-18.9,-62.8,-47.4,-31.4,-70.6,7.3,,,-9.8,-18.8,16.7,30.0,-12.7,140.0,,,18.7,2.3,-20.0,29.2,-5.7,21.8,,,20.8,26.1,-4.8,-7.7,50.0,8.3,,,0.5,-33.7,-50.0,-48.4,-22.0,28.0,,,-8.2,-11.9,-8.0,-66.7,10.8,0.0,,,82.6,172.9,275.0,125.0,182.1,47.8,,,96.9,66.9,117.4,225.0,149.5,53.8,,
"형법범",기타형법범죄,명예,55.8,133.3,,,133.3,600.0,,,18.2,216.7,-85.7,0.0,211.1,,,,108.6,150.0,,,128.6,64.3,,,113.5,-10.5,400.0,200.0,153.6,,,,-3.0,-68.6,,-50.0,-68.8,39.1,,,7.2,64.7,5.0,200.0,-14.1,,,,68.3,100.0,,,120.0,12.5,,,82.4,235.7,23.8,-22.2,47.5,-50.0,,,-9.1,-40.9,,,-40.9,102.8,,,-26.7,-54.3,-7.7,-85.7,1.1,500.0,,,150.2,246.2,,,192.3,83.6,,,177.4,153.5,212.5,800.0,172.5,-16.7,,
"형법범",기타형법범죄,권리행사방해,0.0,,,,,,,,-42.9,0.0,-75.0,,,,,,200.0,0.0,,,,0.0,,,325.0,333.3,300.0,,,,,,-19.0,,,,,200.0,,,-52.9,-53.8,-50.0,,,,,,94.1,,,,,100.0,,,162.5,166.7,150.0,,,,,,-39.4,,,,,0.0,,,-66.7,-75.0,-80.0,,,,,,375.0,300.0,,,,325.0,,,457.1,700.0,300.0,,0.0,,,
"형법범",기타형법범죄,신용업무경매,96.0,120.0,,,120.0,0.0,,,126.7,90.9,150.0,,,,,,118.4,118.2,,,100.0,350.0,,,88.2,100.0,110.0,-66.7,,,,,-29.0,-62.5,,,-59.1,27.8,,,-34.4,-26.2,-47.6,,,100.0,,,-15.8,22.2,,,-11.1,-21.7,,,-23.8,-51.6,18.2,,,50.0,,,43.8,-54.5,,-66.7,-50.0,100.0,,,56.3,93.3,30.8,0.0,0.0,-66.7,,,47.8,180.0,,300.0,150.0,22.2,,,46.0,51.7,58.8,,100.0,300.0,,
"형법범",기타형법범죄,주거침입,46.9,-12.5,,0.0,0.0,75.0,,,47.9,46.8,0.0,,,,,,91.5,157.1,,0.0,166.7,114.3,,,84.5,73.9,900.0,0.0,,-50.0,,,-14.4,-61.1,100.0,,-68.8,13.3,,,-15.3,-30.8,180.0,,,100.0,,,28.6,171.4,50.0,,0.0,47.1,,,12.6,25.3,-28.6,,,100.0,,,25.3,-63.2,,-90.9,20.0,48.0,,,32.0,26.0,35.0,,600.0,-50.0,,,16.5,0.0,,300.0,-66.7,28.4,,,11.5,9.2,44.4,,,50.0,,
"형법범",기타형법범죄,비밀침해,,,,,,,,,,,,,,,,,,,,,,,,,,,,,,,,,,,,,,,,,,,,,,,,,,,,,,,,,,,,,,,,,,,,,,,,,,,,,,,,,,,,,,,,,,,,,,,,
"형법범",기타형법범죄,유기,20.0,,,,,-50.0,,,50.0,0.0,,,,,,,33.3,0.0,,,,100.0,,,33.3,0.0,100.0,,,,,,-12.5,-50.0,,,,,,,50.0,100.0,0.0,,,,,,-42.9,,,,,,,,-83.3,-75.0,,,,,,,-50.0,,,,,,,,0.0,0.0,,,,0.0,,,350.0,,,,,,,,500.0,200.0,,,,0.0,,
"형법범",기타형법범죄,낙태,,,,,,,,,,,,,,,,,,,,,,,,,,,,,,,,,,,,,,,,,,,,,,,,,0.0,,,,,,,,0.0,0.0,,,,,,,,,,,,,,,,,,,,,,,,,,,,,,,,,,,,,,
"형법범",기타형법범죄,아편,,,,,,,,,,,,,,,,,,,,,,,,,,,,,,,,,,,,,,,,,,,,,,,,,,,,,,,,,,,,,,,,,,,,,,,,,,,,,,,,,,,,,,,,,,,,,,,,
"형법범",기타형법범죄,교통방해,-90.9,,,,,,,,,,,,,,,,3000.0,2400.0,,,2300.0,,,,,,,,,,,,-58.1,-96.0,,0.0,,33.3,,,166.7,250.0,0.0,,,,,,15.4,,,,,175.0,,,-50.0,,300.0,,,,,,-46.7,,,,,-54.5,,,-25.0,,-75.0,,,,,,-37.5,,,,,-60.0,,,-33.3,-50.0,0.0,,,,,
"형법범",기타형법범죄,공무방해,37.3,41.3,30.0,55.6,40.9,95.7,,,-16.1,3.4,-37.0,,,,,,21.1,9.0,7.7,57.1,-1.6,9.8,,,63.8,103.3,-5.9,,,,,,-32.6,-53.6,-42.9,-36.4,-62.3,-13.9,,,-33.8,-32.8,-37.5,,,200.0,,,0.5,-40.0,-50.0,-28.6,-43.5,24.1,,,-3.9,-2.4,-10.0,,,0.0,,,7.0,-3.7,0.0,0.0,-7.7,14.8,,,-2.0,-7.5,0.0,,,-33.3,,,80.0,203.8,225.0,10.0,358.3,26.6,,,150.0,135.1,222.2,,100.0,100.0,,
"형법범",기타형법범죄,도주와범인은닉,38.9,14.3,-50.0,0.0,50.0,-75.0,,,166.7,300.0,33.3,,,,,,200.0,237.5,0.0,200.0,283.3,1600.0,,,87.5,116.7,-75.0,,,,,,-9.3,-74.1,,-33.3,-78.3,47.1,,,20.0,23.1,200.0,,,,,,-8.8,-28.6,,50.0,-80.0,0.0,,,-11.1,-31.3,166.7,,,,,,-59.7,-40.0,,-33.3,0.0,-64.0,,,-59.4,-50.0,-75.0,,,,,,0.0,-66.7,,,0.0,-22.2,,,30.8,0.0,100.0,,,,,
"형법범",기타형법범죄,위증과증거인멸,100.0,50.0,,0.0,,,,,200.0,,200.0,,,,,,100.0,-33.3,,0.0,-50.0,,,,100.0,,33.3,,,,,,50.0,150.0,,400.0,,0.0,,,66.7,,150.0,,,,,,-94.4,,,,,,,,-90.0,,-90.0,,,,,,900.0,,,,,,,,500.0,,300.0,,,,,,-60.0,,,,,-66.7,,,-50.0,0.0,-75.0,,,,,
"형법범",기타형법범죄,무고,-31.6,-50.0,,,,300.0,,,-42.9,,-78.6,,,,,,61.5,200.0,,,,50.0,,,50.0,-80.0,233.3,,,,,,19.0,-66.7,,,,0.0,,,50.0,0.0,70.0,,,,,,0.0,400.0,,,0.0,-16.7,,,-22.2,0.0,-29.4,,,,,,-36.0,-40.0,,-50.0,0.0,40.0,,,-64.3,,-58.3,,,0.0,,,162.5,200.0,,200.0,200.0,85.7,,,260.0,,240.0,,,100.0,,
"형법범",기타형법범죄,공안을해하는죄,,,,,,,,,,,,,,,,,,,,,,,,,,,,,,,,,,,,,,,,,,,,,,,,,,,,,,,,,,,,,,,,,,,,,,,,,,,,,,,,,,,,,,,,,,,,,,,,
"형법범",기타형법범죄,내란의죄,,,,,,,,,,,,,,,,,,,,,,,,,,,,,,,,,,,,,,,,,,,,,,,,,,,,,,,,,,,,,,,,,,,,,,,,,,,,,,,,,,,,,,,,,,,,,,,,
"형법범",기타형법범죄,음용수에관한죄,,,,,,,,,,,,,,,,,,,,,,,,,,,,,,,,,,,,,,,,,,,,,,,,,,,,,,,,,,,,,,,,,,,,,,,,,,,,,,,,,,,,,,,,,,,,,,,,
"형법범",기타형법범죄,일수와수리에관한죄,,,,,,,,,,,,,,,,,,,,,,,,,,,,,,,,,,,,,,,,,,,,,,,,,,,,,,,,,,,,,,,,,,,,,,,,,,,,,,,,,,,,,,,,,,,,,,,,
"형법범",기타형법범죄,기타,,,,,,,,,,,,,,,,,,,,,,,,,,,,,,,,,,,,,,,,,,,,,,,,,,,,,,,,,,,,,,,,,0.0,,,,,,,,100.0,,,,,,,,0.0,,,,,,,,,,,,,,,
"특별법범",소계,소계,50.7,18.7,-13.8,15.5,19.9,83.8,,110.0,60.1,57.2,25.2,146.3,74.6,-29.8,-60.0,,99.5,41.5,132.0,121.9,34.7,38.5,-33.3,114.3,132.7,79.4,90.0,929.7,286.6,98.5,250.0,,-42.7,-63.6,-12.9,-43.6,-67.4,-7.4,-50.0,-64.4,-43.9,-30.1,-18.5,-48.0,-66.8,-58.4,42.9,,-37.6,-40.7,-68.8,-46.7,-37.0,-12.1,,-31.3,-43.8,-37.5,-17.4,-89.5,-60.6,-23.2,-40.0,,-14.7,-40.4,-20.6,-0.5,-47.3,5.4,,-36.4,-19.5,-21.2,0.0,-37.6,-15.1,-5.2,25.0,,12.0,63.4,204.0,85.2,47.6,5.1,300.0,,10.5,4.3,66.1,-25.9,22.9,14.9,66.7,
"특별법범",개발제한구역의 지정 및 관리에 관한 특별조치법,소계,0.0,,,,,,,,0.0,,100.0,,,,,,0.0,,,,,,,,,,,,,,,,0.0,,,,,,,,,,,,,,,,,,,,,,,,,,,,,,,,,,,,,,,,,,,,,,,,,,,,,,,,,,,,,,,
"특별법범",개항질서법,소계,,,,,,,,,,,,,,,,,,,,,,,,,,,,,,,,,,,,,,,,,,,,,,,,,,,,,,,,,,,,,,,,,,,,,,,,,,,,,,,,,,,,,,,,,,,,,,,,
"특별법범",건설기계 관리법,소계,,,,,,,,,,,,,,,,,,,,,,,,,,,,,,,,,,,,,,,,,,,,,,,,,,,,,,,,,,,,,,,,,,,,,,,,,,,,,,,,,,,,,,,,,,,,,,,,
"특별법범",건축법,소계,,,,,,,,,,,,,,,,,,,,,,,,,,,,,,,,,100.0,0.0,,,0.0,,,,100.0,,0.0,,,,,,,,,,,,,,,,,,,,,,,,,,,,,,,,,,,,,,,,,,,,,,,,,,,,,
"특별법범",공직선거법,소계,10.0,,,,,,,,450.0,250.0,,,,,,,154.5,,,,,,,,54.5,142.9,,,,,,,,,,,,,,,,,,,,,,,,,,,,,,,,,,,,,,,,,,,,,,,,,,,,,,,,,,,,,,,,,,,,,,
"특별법범",관세법,소계,,,,,,,,,,,,,,,,,,,,,,,,,,,,,,,,,,,,,,,,,,,,,,,,,,,,,,,,,,,,,,,,,200.0,200.0,,,200.0,,,,,,,,,,,,,,,,,,,,,,,,,,,
"특별법범",교통사고 처리특례법,소계,10.8,-11.7,-23.1,-5.6,-12.2,45.8,,,12.9,9.0,27.3,10.5,15.1,-4.5,,,16.0,8.2,-45.0,48.3,3.4,5.9,,,21.4,12.1,21.4,-14.3,27.0,14.3,,,-24.3,-56.4,-36.4,-52.0,-57.6,2.6,,,-21.4,-7.5,58.8,-27.8,-28.8,-4.2,,,-9.1,-27.1,-28.6,-35.7,-24.9,7.8,,,-11.5,-11.5,-25.9,-7.7,-11.3,-26.1,,,-0.2,-25.0,-40.0,25.9,-35.6,5.2,,,0.9,31.8,95.0,-33.3,-19.7,5.9,,,8.9,60.3,233.3,25.0,71.8,-5.4,,,10.0,-1.7,12.8,-62.5,22.5,-27.8,-50.0,
"특별법범",국가보안법,소계,,,,,,,,,,,,,,,,,,,,,,,,,,,,,,,,,,,,,,,,,,,,,,,,,,,,,,,,,,,,,,,,,,,,,,,,,,,,,,,,,,,,,,,,,,,,,,,,
"특별법범",근로기준법,소계,100.0,200.0,,,200.0,,,,100.0,,,,50.0,-50.0,,,-71.4,-88.9,,,-88.9,,,,-25.0,,,,0.0,,,,425.0,1100.0,,,1100.0,,,,0.0,,,,-33.3,,,,-38.1,-66.7,,,-66.7,,,,100.0,0.0,,,50.0,-50.0,,,276.9,325.0,,,325.0,,,,250.0,300.0,-50.0,,433.3,266.7,,,0.0,-5.9,,,-11.8,,,,-4.8,50.0,100.0,,-25.0,18.2,,
"특별법범",노동조합및노동관계조정법,소계,,,,,,,,,,,,,,,,,,,,,,,,,,,,,,,,,,,,,,,,,,,,,,,,,0.0,,,,,,,,0.0,,0.0,,,,,,,,,,,,,,,,,,,,,,,,,,,,,,,,,,,,,
"특별법범",농지법,소계,,,,,,,,,,,,,,,,,,,,,,,,,,,,,,,,,,,,,,,,,,,,,,,,,,,,,,,,,,,,,,,,,,,,,,,,,,,,,,,,,,,,,,,,,,,,,,,,
"특별법범",대기환경보전법,소계,,,,,,,,,,,,,,,,,,,,,,,,,,,,,,,,,,,,,,,,,,,,,,,,,,,,,,,,,,,,,,,,,,,,,,,,,,,,,,,,,,,,,,,,,,,,,,,,
"특별법범",대부업등의등록및금융이용자보호에관한법률,소계,,,,,,,,,,,,,,,,,,,,,,,,,,,,,,,,,,,,,,,,,,,,,,,,,,,,,,,,,,,,,,,,,,,,,,,,,,,,,,,,,50.0,,,,,,,,0.0,,,,,,,
"특별법범",도로교통법,소계,22.0,5.5,,110.0,-0.5,102.0,,,0.0,-4.9,15.4,0.0,5.6,-22.7,,,23.4,21.7,500.0,33.3,17.9,16.7,,,28.7,24.5,53.3,-50.0,25.3,41.2,,,-22.1,-61.2,-16.7,-14.3,-68.3,-11.6,,,-12.8,-9.0,-23.9,-33.3,-12.6,-70.8,,,-8.5,-39.0,-40.0,-75.0,-26.8,2.1,,,-12.6,-19.5,-8.6,50.0,6.7,128.6,0.0,,29.1,9.8,-33.3,133.3,-1.9,15.0,,,43.6,74.5,11.5,-33.3,-10.8,25.0,,,40.8,76.1,0.0,57.1,84.3,40.4,,,39.5,34.0,86.9,,20.2,-20.0,,
"특별법범",도로교통법(무면허운전),소계,60.8,31.9,-11.1,69.2,31.9,100.1,,,61.2,61.9,41.3,66.7,-44.4,17.1,,,28.1,29.7,887.5,454.5,22.6,33.1,,,26.3,25.7,31.3,140.0,290.0,51.2,,,-35.8,-67.7,7.6,-23.8,-71.8,-16.0,,,-33.2,-33.5,-7.8,-80.6,-30.8,-53.2,,,-30.2,-48.3,-81.2,-77.4,-41.3,-23.4,,,-30.7,-31.0,-20.2,-14.3,0.0,31.0,,,-28.4,-46.7,-75.0,33.3,-49.4,-20.1,,,-30.4,-31.5,-5.6,,74.1,23.7,,,-12.6,-6.0,100.0,10.7,-9.8,-7.3,200.0,,-15.3,-15.3,-5.2,,-40.4,-29.8,,
"특별법범",도로교통법(음주운전),소계,18.3,14.3,,66.7,14.1,62.9,,,15.2,19.0,-28.6,,-50.0,-25.0,,,44.1,49.0,,180.0,48.4,9.4,,,46.1,43.5,50.0,,600.0,133.3,,,-58.5,-69.1,,-50.0,-69.3,2.1,,,-43.9,-43.5,-53.3,,-42.9,-42.9,,,-21.1,-32.7,,0.0,-33.0,4.7,,,-16.1,-17.6,28.6,,-25.0,-75.0,,,-38.8,-64.8,,-57.1,-65.0,-9.5,,,-22.8,-27.7,-11.1,,200.0,0.0,,,33.5,56.9,,33.3,56.6,6.1,,,50.4,54.5,62.5,,-11.1,100.0,,
"특별법범",도로법,소계,33.3,50.0,,,50.0,,,,0.0,0.0,,,,,,,1125.0,1166.7,,,1166.7,,,,1000.0,700.0,,,,,,,98.0,86.8,,,86.8,,,,100.0,50.0,250.0,,200.0,,,,-53.6,-52.1,,,-52.1,,,,-68.2,-50.0,-85.7,,,33.3,,,-95.6,-94.1,,,-94.1,,,,,,,,,,,,-50.0,,,,,,,,,,,,,,,
"특별법범",도시계획법,소계,,,,,,,,,,,,,,,,,,,,,,,,,,,,,,,,,,,,,,,,,,,,,,,,,,,,,,,,,,,,,,,,,,,,,,,,,,,,,,,,,,,,,,,,,,,,,,,,
"특별법범",마약류관리에 관한 법률,소계,-65.0,-50.0,-50.0,-75.0,0.0,,,,-70.0,-80.0,,,,,,,228.6,25.0,100.0,100.0,-50.0,,,,266.7,300.0,200.0,,,,,,21.7,0.0,0.0,0.0,0.0,-83.3,,,81.8,137.5,-66.7,,,100.0,,,-35.7,-80.0,,-50.0,,0.0,,,-20.0,-36.8,300.0,,,,,,-50.0,100.0,,100.0,,,,,-62.5,-58.3,-75.0,,,,,,0.0,0.0,,-50.0,,,,,16.7,0.0,100.0,,,,,
"특별법범",민사소송법,소계,,,,,,,,,,,,,,,,,,,,,,,,,,,,,,,,,,,,,,,,,,,,,,,,,,,,,,,,,,,,,,,,,,,,,,,,,,,,,,,,,,,,,,,,,,,,,,,,
"특별법범",변호사법,소계,,,,,,,,,,,,,,,,,,,,,,,,,,,,,,,,,,,,,,,,,,,,,,,,,,,,,,,,,,,,,,,,,,,,,,,,,,,,,,,,,,,,,,,,,,,,,,,,
"특별법범",병역법,소계,-40.1,15.0,-77.8,155.6,27.3,,,,-37.5,40.0,-45.5,,-78.9,-51.5,,,-10.9,-30.4,,-8.7,-35.7,,,,28.0,-28.6,-16.7,,325.0,-8.3,,,-99.1,-95.8,,-95.2,-96.3,,,,,,,,,,,,50.0,-50.0,,,0.0,,,,,,,,,,,,,,,,,,,,,,,,,,,,,,,,,,,,,,,,,,,
"특별법범",부정경쟁방지 및 영업비밀보호에 관한법률,소계,-50.0,,,,,,,,-50.0,-50.0,,,,,,,,,,,,,,,,,,,,,,,,,,,,,,,,,,,,,,,-50.0,,,,,,,,-50.0,,,,,,,,,,,,,,,,,,,,,,,,,,,,,,,,,,,,,,,
"특별법범",부정수표단속법,소계,-16.7,,,,,,,,,,,,,,,,40.0,,,,,-80.0,,,,,,,,,,,185.7,50.0,50.0,-50.0,,800.0,,,100.0,,,,,,,,-45.0,-66.7,-33.3,,,-44.4,,,0.0,,0.0,,,,,,-72.7,,,,,,,,-25.0,,,,-66.7,,,,-66.7,,,,,,,,,,,,,,,
"특별법범",산림법,소계,,,,,,,,,,,,,,,,,,,,,,,,,,,,,,,,,,,,,,,,,,,,,,,,,,,,,,,,,,,,,,,,,,,,,,,,,,,,,,,,,,,,,,,,,,,,,,,,
"특별법범",산림자원의조성및관리에관한법률,소계,,,,,,,,,,,,,,,,,,,,,,,,,,,,,,,,,150.0,,,,,,,,0.0,-50.0,,,,,,,-40.0,,,,,,,,50.0,200.0,,,,,,,-33.3,,,,,,,,-66.7,-66.7,,,,,,,,,,,,,,,,,,,,,,
"특별법범",산업안전보건법,소계,,,,,,,,,,,,,,,,,,,,,,,,,,,,,,,,,-50.0,-50.0,,,-50.0,,,,,,,,,,,,0.0,,,,,,,,,,,,,,,,100.0,,,,,,,,,,,,,,,,350.0,250.0,,,250.0,,,,,,,,,,,
"특별법범",상표법,소계,111.1,25.0,,,66.7,400.0,,,125.0,100.0,,,,,,,84.2,380.0,,,340.0,-80.0,,,0.0,12.5,,,,,,,-74.3,-83.3,,,-81.8,,,,-44.4,-44.4,,,,,,,-55.6,,,,,,,,-20.0,-40.0,,,,,,,-75.0,,,,,,,,-75.0,,,,,,,,100.0,,,,,,,,0.0,,,,,,,
"특별법범",성매매법,소계,28.3,-50.0,,-50.0,-50.0,104.0,,100.0,34.5,25.6,22.2,0.0,700.0,-72.2,0.0,,184.6,308.3,,100.0,318.2,384.3,-50.0,125.0,131.3,103.0,290.9,400.0,300.0,320.0,,,-28.0,-65.3,,250.0,-78.3,7.7,,-68.9,-39.9,-51.9,-41.9,-80.0,28.1,-14.3,,,-59.7,-70.6,,-71.4,-80.0,-69.9,,-21.4,-51.3,-52.1,-24.0,300.0,-62.2,-66.7,,,-32.2,40.0,,200.0,-50.0,-17.5,,-63.6,-43.9,-43.6,-47.4,-75.0,-38.7,33.3,-50.0,,-25.6,-14.3,,-66.7,200.0,-45.5,,,-1.4,-4.5,10.0,0.0,0.0,-50.0,,
"특별법범",소방기본법,소계,,,,,,,,,,,,,,,,,,,,,,,,,,,,,,,,,,,,,,,,,,,,,,,,,,,,,,,,,,,,,,,,,,,,,,,,,,,,,,,,,,,,,,,,,,,,,,,,
"특별법범",수산업법,소계,,,,,,,,,,,,,,,,,,,,,,,,,,,,,,,,,0.0,0.0,,,0.0,,,,,,,,,,,,,,,,,,,,,,,,,,,,,,,,,,,,,,,,,,,,,,,,,,,,,,,,,,,
"특별법범",수질환경보전법,소계,,,,,,,,,,,,,,,,,,,,,,,,,,,,,,,,,,,,,,,,,,,,,,,,,,,,,,,,,,,,,,,,,,,,,,,,,,,,,,,,,,,,,,,,,,,,,,,,
"특별법범",식품위생법,소계,-61.5,-60.0,,,-60.0,,,,-62.5,,50.0,,,,,,560.0,250.0,,,250.0,,,,766.7,,0.0,,,,,,81.8,-28.6,,,-28.6,,,,103.8,117.4,0.0,,,,,,-18.3,-40.0,,,-40.0,0.0,,,-22.6,-36.0,200.0,,,200.0,,,-59.2,-33.3,,,-33.3,0.0,,,-58.5,-50.0,-88.9,,,,,,45.0,50.0,,,50.0,500.0,,,11.8,0.0,200.0,,,,,
"특별법범",아동·청소년의성보호에관한법률,소계,,,,,,,,,,,,,,,,,,,,,,,,,,,,,,,,,,,,,,,,,,,,,,,,,,,,,,,,,,,,,,,,,,,,,,,,,,,,,,,,,,,,,,,,,,,,,,,,
"특별법범",약사법,소계,,,,,,,,,,,,,,,,,,,,,,,,,,,,,,,,,0.0,,,,,,,,,,,,,,,,100.0,0.0,,,0.0,,,,,,,,,,,,,,,,,,,,,,,,,,,,,,,,,,,,,,,,,,,
"특별법범",여신전문금융업법,소계,78.4,57.1,0.0,-50.0,125.0,2500.0,,,7.7,8.7,0.0,,,-66.7,,,387.9,400.0,2100.0,1400.0,100.0,342.3,,,435.7,456.0,233.3,,,100.0,,,9.9,7.3,4.5,53.3,-27.8,-12.2,,,25.3,25.2,-40.0,,400.0,200.0,,,-63.3,-89.8,-91.3,-91.3,-84.6,-65.3,,,-54.8,-55.2,16.7,,,-33.3,,,30.0,,,,,42.9,,,40.0,34.6,0.0,,,,,,29.6,,,,,26.0,,,16.8,23.8,0.0,,,,,
"특별법범",오수·분뇨및축산폐수의처리에관한법률,소계,,,,,,,,,,,,,,,,,,,,,,,,,,,,,,,,,,,,,,,,,,,,,,,,,,,,,,,,,,,,,,,,,,,,,,,,,,,,,,,,,,,,,,,,,,,,,,,,
"특별법범",예비군법,소계,,,,,,,,,,,,,,,,,700.0,500.0,,,500.0,,,,,,,,,,,,50.0,33.3,,,33.3,,,,,,,,,50.0,,,-91.7,-87.5,,,-87.5,,,,,,,,,,,,,,,,,,,,,,,,,,,,,,,,,,,,,,,,,,,
"특별법범",옥외광고물등의관리와옥외광고산업진흥에관한법률,소계,,,,,,,,,,,,,,,,,100.0,,,,,,,,0.0,,0.0,,,,,,0.0,,,,,,,,100.0,,100.0,,,,,,150.0,,,,,,,,50.0,,-50.0,,,,,,,,,,,,,,,,,,,,,,,,,,,,,,,,,,,,,
"특별법범",외국환거래법,소계,,,,,,,,,,,,,,,,,0.0,,,,,,,,,,,,,,,,800.0,0.0,,,0.0,,,,,,,,,,,,,,,,,,,,,,,,,,,,,,,,,,,,,,,,,,,,-66.7,-66.7,,,-66.7,,,,,,,,,,,
"특별법범",유해화학물질관리법,소계,45.7,73.3,0.0,266.7,,74.0,,,-20.0,-16.2,,,,200.0,,,131.4,0.0,-16.7,18.2,0.0,130.7,,,250.0,229.0,900.0,,,33.3,,,16.1,11.5,10.0,15.4,0.0,9.9,,,33.0,32.4,20.0,,,25.0,,,67.7,-17.2,-63.6,33.3,,70.5,,,81.9,85.9,50.0,100.0,,-40.0,,,31.5,25.0,-50.0,35.0,,48.3,,,-3.3,-8.4,61.1,,,166.7,,,-12.7,36.7,50.0,18.5,500.0,-14.5,,,-15.6,-12.6,-37.9,,-33.3,75.0,,
"특별법범",윤락행위 등 방지법,소계,,,,,,,,,,,,,,,,,,,,,,,,,,,,,,,,,,,,,,,,,,,,,,,,,,,,,,,,,,,,,,,,,,,,,,,,,,,,,,,,,,,,,,,,,,,,,,,,
"특별법범",음반·비디오물 및 게임물에 관한법률,소계,-93.1,-89.7,,,-92.9,,,,-94.8,-96.0,,,,,,,-66.7,-66.7,,,-50.0,,,,-66.7,,,,,,,,-50.0,,,,,,,,0.0,,,,,,,,0.0,,,,,,,,,,,,,,,,100.0,,,,,,,,,,,,,,,,,,,,,,,,,,,,,,,
"특별법범",의료법,소계,-66.7,-66.7,,,-66.7,,,,-71.4,-78.6,,,,,0.0,,133.3,300.0,,,300.0,,,,150.0,200.0,0.0,,,,,,-21.4,,,,,,,,-30.0,-22.2,,,,,,,-54.5,,,,,-75.0,,,-85.7,,,,,,,,-40.0,,,,,0.0,,,100.0,,0.0,,,,,,-66.7,,,,,0.0,,,,,,,,,,
"특별법범",자동차관리법,소계,110.8,96.6,,0.0,100.0,330.0,,,100.0,106.3,73.3,,,0.0,,,82.5,171.9,,200.0,166.1,39.5,,,57.9,38.4,119.2,,200.0,62.5,,,-18.0,-43.2,0.0,-33.3,-44.3,6.7,,,-4.0,8.8,-29.8,,-33.3,-53.8,,,-37.7,-68.2,,,-66.3,-29.7,,,-26.2,-31.5,-20.0,,150.0,-33.3,,,8.3,-53.6,,,-53.6,82.2,,,-5.0,4.9,-21.9,,-60.0,50.0,,,14.0,184.6,,,176.9,-20.7,,,20.9,29.0,-20.0,,100.0,-16.7,,
"특별법범",자동차손해배상보장법,소계,74.2,37.5,,,37.5,200.0,,,115.4,83.3,,,100.0,12.5,,,22.2,63.6,,,63.6,-50.0,,,3.6,-4.5,75.0,,-50.0,77.8,,,63.6,77.8,,,77.8,200.0,,,55.2,38.1,-14.3,,900.0,37.5,,,194.4,3.1,,,0.0,244.4,,,388.9,524.1,183.3,,90.0,50.0,,,28.0,-3.0,,0.0,-3.1,38.7,,,34.1,32.0,117.6,-66.7,-5.3,9.1,0.0,,-13.8,25.0,,0.0,25.8,18.6,,,-21.7,-27.6,-24.3,300.0,44.4,-19.4,,
"특별법범",저작권법,소계,354.9,157.1,,,157.1,400.0,,,367.8,248.6,75.0,2600.0,385.0,300.0,,,767.1,181.9,,,181.9,470.0,,,787.5,1618.2,842.9,1396.3,571.3,735.0,,,-61.9,-93.6,,,-93.6,-75.4,,,-61.5,-36.9,-45.5,-50.2,-76.7,-73.7,,,-96.4,-76.9,,,-84.6,-85.7,,,-96.5,-97.4,-83.3,-94.8,-96.1,-95.5,,,15.6,-33.3,,,0.0,300.0,,,13.4,17.8,-33.3,-33.3,32.7,100.0,,,84.6,650.0,,,600.0,25.0,,,82.2,97.6,162.5,-17.9,83.8,100.0,,
"특별법범",정보통신망이용촉진및정보보호등에관한법률,소계,59.4,22.7,0.0,-42.9,26.3,63.3,,,70.8,82.6,-38.7,25.0,46.9,76.9,,,79.1,27.2,300.0,100.0,23.8,67.3,,,93.7,99.0,73.7,120.0,23.4,26.1,,,-22.1,-73.6,-25.0,-37.5,-76.0,9.8,,,-15.9,-18.0,-24.2,45.5,25.9,-27.6,,,48.9,-24.1,,-20.0,-20.0,37.8,,,54.0,51.9,40.0,-6.3,102.7,4.8,,,-59.1,-56.8,,-50.0,-65.0,29.8,,,-65.2,-69.1,-34.3,-40.0,-31.8,-45.5,0.0,,-3.1,163.2,-66.7,0.0,235.7,-3.7,,,-9.1,-14.0,82.6,-77.8,1.0,66.7,0.0,
"특별법범",조세범 처벌법,소계,,,,,,,,,,,,,,,,,,,,,,,,,,,,,,,,,-50.0,,,,,,,,-33.3,,,,,,,,0.0,,,,,,,,-50.0,,,,,,,,,,,,,,,,,,,,,,,,,,,,,,,,,,,,,,,
"특별법범",조수보호 및 수렵에 관한법률,소계,,,,,,,,,,,,,,,,,,,,,,,,,,,,,,,,,,,,,,,,,,,,,,,,,,,,,,,,,,,,,,,,,,,,,,,,,,,,,,,,,,,,,,,,,,,,,,,,
"특별법범",주민등록법,소계,146.4,45.5,,-66.7,150.0,250.0,,,212.1,234.5,150.0,0.0,,-37.5,,,133.3,193.8,,700.0,133.3,150.0,,,119.4,121.6,20.0,200.0,,180.0,,,39.4,-68.1,-50.0,-75.0,-68.6,91.4,,,56.6,56.7,33.3,0.0,200.0,-14.3,,,22.9,0.0,,-50.0,27.3,16.4,,,27.4,29.7,-37.5,-33.3,16.7,-33.3,,,5.3,-13.3,,,-14.3,39.7,,,0.7,-3.0,260.0,0.0,42.9,-37.5,,,56.1,30.8,,,25.0,36.7,,,59.9,62.5,50.0,0.0,-20.0,160.0,,
"특별법범",주차장법,소계,,,,,,,,,,,,,,,,,,,,,,,,,,,,,,,,,,,,,,,,,,,,,,,,,,,,,,,,,,,,,,,,,,,,,,,,,,,,,,,,,,,,,,,,,,,,,,,,
"특별법범",지방세법,소계,,,,,,,,,,,,,,,,,,,,,,,,,,,,,,,,,,,,,,,,,,,,,,,,,,,,,,,,,,,,,,,,,,,,,,,,,,,,,,,,,,,,,,,,,,,,,,,,
"특별법범",직업안정법,소계,,,,,,,,,,,,,,,,,20.0,,,,,,,,,,,,,-33.3,,,-50.0,0.0,,,0.0,-50.0,,,,,,,,,,,-33.3,,,,,0.0,,,,,,,,,,,100.0,,,,,200.0,,,0.0,,,,,,,,-25.0,,,,,,,,200.0,200.0,,,,,,
"특별법범",집회 및 시위에 관한법률,소계,-53.2,150.0,,,233.3,,,,-94.9,-97.4,,,,,,,195.5,115.0,,,65.0,,,,1000.0,1800.0,200.0,,,,,,-60.0,-67.4,0.0,-11.1,-84.8,,,,-59.1,-63.2,-33.3,,,,,,-92.3,-92.9,,-87.5,,-50.0,,,,,,,,,,,200.0,300.0,,,,,,,,,,,,,,,-83.3,,,,,,,,-50.0,0.0,,,,,,
"특별법범",청소년보호법,소계,69.9,30.8,,0.0,32.0,0.0,,,80.2,79.3,85.7,,,,,,36.4,11.8,,200.0,0.0,300.0,,,39.9,38.8,34.6,,,,,,-26.0,-65.8,,-66.7,-63.6,325.0,,,-25.6,-26.5,-20.0,,,0.0,,,-37.9,-7.7,,100.0,-16.7,-58.8,,,-38.9,-36.0,-53.6,,,100.0,,,328.2,-16.7,,-50.0,-10.0,1400.0,,,303.6,324.0,153.8,,300.0,0.0,,,60.2,90.0,,100.0,88.9,2.9,,,70.3,68.3,106.1,,-25.0,650.0,,
"특별법범",청소년의성보호에 관한법률,소계,2.5,37.9,5.3,333.3,0.0,61.8,,,-18.8,-46.2,-32.1,,-10.3,-71.4,,,-14.8,-7.5,-40.0,-7.7,85.7,18.2,,,-40.4,300.0,-21.1,,-75.6,200.0,200.0,,-2.9,0.0,50.0,0.0,-46.2,21.5,,,-30.6,-39.3,-26.7,,-21.1,-16.7,-33.3,,-67.3,-70.3,-94.4,-50.0,-42.9,-62.0,,,-69.8,-47.1,-63.6,,,,-50.0,,-58.2,-81.8,,,-50.0,-70.0,,,-23.1,-11.1,-50.0,,,,,,,,,,,,,,,,,,,,,
"특별법범",총포·도검·화약류등의안전관리에관한법률,소계,,,,,,,,,,,,,,,,,-42.9,0.0,,,0.0,,,,-50.0,,,,,,,,1350.0,0.0,,,0.0,,,,1766.7,,,,,,,,-67.2,,,,,,,,-71.4,-76.4,,,,,,,-78.9,,,,,,,,-75.0,-76.9,-66.7,,,,,,50.0,,,,,,,,25.0,0.0,100.0,,,,,
"특별법범",축산물가공처리법,소계,,,,,,,,,,,,,,,,,,,,,,,,,,,,,,,,,,,,,,,,,,,,,,,,,,,,,,,,,,,,,,,,,,,,,,,,,,,,,,,,,,,,,,,,,,,,,,,,
"특별법범",컴퓨터프로그램보호법,소계,11.3,200.0,,,200.0,,,,10.4,283.3,,-90.0,22.4,,,,124.7,266.7,,,266.7,400.0,,,114.1,213.0,,50.0,73.3,,,,-21.5,,,,,-80.0,,,-14.3,8.3,,833.3,-51.9,,,,,,,,,,,,,,,,,,,,,,,,,,,,,,,,,,,,,,,,,,,,,,,,,,,
"특별법범",특가법(도주차량),소계,14.0,6.3,40.0,4.5,-7.1,21.5,,,20.7,22.9,-9.1,,100.0,-13.3,,,20.9,17.6,-25.0,27.5,30.8,31.0,,,4.0,-3.5,70.0,,50.0,61.5,,,-22.0,-50.0,-66.7,-47.7,-47.1,-5.8,,,-3.9,0.0,-17.6,,-66.7,-57.1,,,-19.3,-27.5,28.6,-28.3,-40.7,-15.4,,,-23.2,-28.9,21.4,,,11.1,,,7.1,-29.3,-22.2,-9.1,-75.0,22.4,,,7.9,8.5,-23.5,,,-50.0,,,-8.8,56.1,-28.6,30.0,400.0,-17.3,,,-24.4,-40.6,61.5,,-25.0,60.0,0.0,
"특별법범",폐기물관리법,소계,,,,,,,,,,,,,,,,,,,,,,,,,,,,,,,,,,,,,,,,,,,,,,,,,,,,,,,,,,,,,,,,,,,,,,,,,,,,,,,,,,,,,,,,,,,,,,,,
"특별법범",풍속영업의 규제에 관한법률,소계,-75.0,,,,,,,,-75.0,0.0,,,,,,,,,,,,,,,,,,,,,,,,,,,,,,,,,,,,,,,,,,,,,,,,,,,,,,,,,,,,,,,,,,,,,,,,,,,,,,,,,,,,,,
"특별법범",해양오염방지법,소계,,,,,,,,,,,,,,,,,,,,,,,,,,,,,,,,,,,,,,,,,,,,,,,,,,,,,,,,,,,,,,,,,,,,,,,,,,,,,,,,,,,,,,,,,,,,,,,,
"특별법범",기타특별법,소계,568.4,443.3,0.0,550.0,488.0,,,,614.3,657.4,466.7,,133.3,600.0,,,210.6,235.0,1633.3,976.9,140.8,1350.0,,,164.0,73.3,200.0,,5257.1,692.9,,,-42.3,-64.1,-40.4,-64.3,-67.5,49.1,,,-40.0,-43.0,8.8,,-47.2,-60.4,20.0,,-22.6,-30.1,-35.5,-18.0,-33.9,-14.5,,,-21.7,-4.0,-4.5,,-68.7,-22.7,-66.7,,-13.5,-38.0,40.0,-48.8,-52.6,79.7,,,-30.6,-28.1,-32.1,150.0,-50.0,-55.9,50.0,,-22.3,-2.4,-75.0,4.8,50.0,-56.8,,,-3.4,3.6,-2.8,-40.0,-61.3,26.7,-83.3,
